point,type,roll_deg,station_in,W_hang_lb,W_drag_lb,W_thrust_lb,theta_deg,temp_C,R_fwd_mVV,R_aft_mVV,R_ax_mVV
1,zero,0,,0.0,0.0,0.0,,,,,
2,zero,0,,0.0,0.0,0.0,,,,,
3,zero,0,,0.0,0.0,0.0,,,,,
4,fit,0,-2,1.69,0.0,0.0,,,,,
5,fit,0,-2,3.38,0.0,0.0,,,,,
6,fit,0,-2,5.06,0.0,0.0,,,,,
7,fit,0,-2,6.75,0.0,0.0,,,,,
8,fit,0,-2,3.38,0.0,0.0,,,,,
9,fit,0,-1,3.56,0.0,0.0,,,,,
10,fit,0,-1,7.12,0.0,0.0,,,,,
11,fit,0,-1,10.69,0.0,0.0,,,,,
12,fit,0,-1,14.25,0.0,0.0,,,,,
13,fit,0,-1,7.12,0.0,0.0,,,,,
14,fit,0,0,6.06,0.0,0.0,,,,,
15,fit,0,0,12.12,0.0,0.0,,,,,
16,fit,0,0,18.19,0.0,0.0,,,,,
17,fit,0,0,24.25,0.0,0.0,,,,,
18,fit,0,0,12.12,0.0,0.0,,,,,
19,fit,0,1,3.56,0.0,0.0,,,,,
20,fit,0,1,7.12,0.0,0.0,,,,,
21,fit,0,1,10.69,0.0,0.0,,,,,
22,fit,0,1,14.25,0.0,0.0,,,,,
23,fit,0,1,7.12,0.0,0.0,,,,,
24,fit,0,2,1.69,0.0,0.0,,,,,
25,fit,0,2,3.38,0.0,0.0,,,,,
26,fit,0,2,5.06,0.0,0.0,,,,,
27,fit,0,2,6.75,0.0,0.0,,,,,
28,fit,0,2,3.38,0.0,0.0,,,,,
29,fit,0,0,0.0,1.0,0.0,,,,,
30,fit,0,0,0.0,2.0,0.0,,,,,
31,fit,0,0,0.0,3.0,0.0,,,,,
32,fit,0,0,0.0,4.0,0.0,,,,,
33,fit,0,0,0.0,2.0,0.0,,,,,
34,fit,0,,0,0,1.0,,,,,
35,fit,0,,0,0,2.0,,,,,
36,fit,0,-1,8.5,2.0,0.0,,,,,
37,fit,0,-1,8.5,4.0,0.0,,,,,
38,fit,0,0,14.5,2.0,0.0,,,,,
39,fit,0,0,14.5,4.0,0.0,,,,,
40,fit,0,1,8.5,2.0,0.0,,,,,
41,fit,0,1,8.5,4.0,0.0,,,,,
42,check,0,-2,4.0,1.0,0.0,,,,,
43,check,0,-1,4.25,3.0,0.0,,,,,
44,check,0,0,19.25,1.5,0.0,,,,,
45,check,0,1,6.25,2.5,0.0,,,,,
46,check,0,2,6.0,0.5,0.0,,,,,
47,check,0,0,3.5,3.5,0.0,,,,,
48,zero,180,,0.0,0.0,0.0,,,,,
49,zero,180,,0.0,0.0,0.0,,,,,
50,zero,180,,0.0,0.0,0.0,,,,,
51,fit,180,-2,1.69,0.0,0.0,,,,,
52,fit,180,-2,3.38,0.0,0.0,,,,,
53,fit,180,-2,5.06,0.0,0.0,,,,,
54,fit,180,-2,6.75,0.0,0.0,,,,,
55,fit,180,-2,3.38,0.0,0.0,,,,,
56,fit,180,-1,3.56,0.0,0.0,,,,,
57,fit,180,-1,7.12,0.0,0.0,,,,,
58,fit,180,-1,10.69,0.0,0.0,,,,,
59,fit,180,-1,14.25,0.0,0.0,,,,,
60,fit,180,-1,7.12,0.0,0.0,,,,,
61,fit,180,0,6.06,0.0,0.0,,,,,
62,fit,180,0,12.12,0.0,0.0,,,,,
63,fit,180,0,18.19,0.0,0.0,,,,,
64,fit,180,0,24.25,0.0,0.0,,,,,
65,fit,180,0,12.12,0.0,0.0,,,,,
66,fit,180,1,3.56,0.0,0.0,,,,,
67,fit,180,1,7.12,0.0,0.0,,,,,
68,fit,180,1,10.69,0.0,0.0,,,,,
69,fit,180,1,14.25,0.0,0.0,,,,,
70,fit,180,1,7.12,0.0,0.0,,,,,
71,fit,180,2,1.69,0.0,0.0,,,,,
72,fit,180,2,3.38,0.0,0.0,,,,,
73,fit,180,2,5.06,0.0,0.0,,,,,
74,fit,180,2,6.75,0.0,0.0,,,,,
75,fit,180,2,3.38,0.0,0.0,,,,,
76,fit,180,0,0.0,1.0,0.0,,,,,
77,fit,180,0,0.0,2.0,0.0,,,,,
78,fit,180,0,0.0,3.0,0.0,,,,,
79,fit,180,0,0.0,4.0,0.0,,,,,
80,fit,180,0,0.0,2.0,0.0,,,,,
81,fit,180,,0,0,1.0,,,,,
82,fit,180,,0,0,2.0,,,,,
83,fit,180,-1,8.5,2.0,0.0,,,,,
84,fit,180,-1,8.5,4.0,0.0,,,,,
85,fit,180,0,14.5,2.0,0.0,,,,,
86,fit,180,0,14.5,4.0,0.0,,,,,
87,fit,180,1,8.5,2.0,0.0,,,,,
88,fit,180,1,8.5,4.0,0.0,,,,,
89,check,180,-2,4.0,1.0,0.0,,,,,
90,check,180,-1,4.25,3.0,0.0,,,,,
91,check,180,0,19.25,1.5,0.0,,,,,
92,check,180,1,6.25,2.5,0.0,,,,,
93,check,180,2,6.0,0.5,0.0,,,,,
94,check,180,0,3.5,3.5,0.0,,,,,
