point,type,roll_deg,theta_deg,hang,station_in,arm_y_in,W_hang_lb,W_drag_lb,W_thrust_lb,temp_C,M1,M2,Y1,Y2,L,X
1,zero,0,,none,,,0.0,0.0,0.0,,,,,,,
2,zero,0,,none,,,0.0,0.0,0.0,,,,,,,
3,zero,0,,none,,,0.0,0.0,0.0,,,,,,,
4,fit,0,,yoke,-2.0,,1.81,0.0,0.0,,,,,,,
5,check,0,,yoke,-2.0,,3.62,0.0,0.0,,,,,,,
6,fit,0,,yoke,-2.0,,5.44,0.0,0.0,,,,,,,
7,fit,0,,yoke,-2.0,,7.25,0.0,0.0,,,,,,,
8,fit,0,,yoke,-2.0,,3.62,0.0,0.0,,,,,,,
9,fit,0,,yoke,-1.0,,3.62,0.0,0.0,,,,,,,
10,fit,0,,yoke,-1.0,,7.25,0.0,0.0,,,,,,,
11,fit,0,,yoke,-1.0,,10.88,0.0,0.0,,,,,,,
12,fit,0,,yoke,-1.0,,14.5,0.0,0.0,,,,,,,
13,fit,0,,yoke,-1.0,,7.25,0.0,0.0,,,,,,,
14,check,0,,yoke,0.0,,6.0,0.0,0.0,,,,,,,
15,fit,0,,yoke,0.0,,12.0,0.0,0.0,,,,,,,
16,fit,0,,yoke,0.0,,18.0,0.0,0.0,,,,,,,
17,fit,0,,yoke,0.0,,24.0,0.0,0.0,,,,,,,
18,fit,0,,yoke,0.0,,12.0,0.0,0.0,,,,,,,
19,fit,0,,yoke,1.0,,3.75,0.0,0.0,,,,,,,
20,fit,0,,yoke,1.0,,7.5,0.0,0.0,,,,,,,
21,fit,0,,yoke,1.0,,11.25,0.0,0.0,,,,,,,
22,fit,0,,yoke,1.0,,15.0,0.0,0.0,,,,,,,
23,check,0,,yoke,1.0,,7.5,0.0,0.0,,,,,,,
24,fit,0,,yoke,2.0,,1.81,0.0,0.0,,,,,,,
25,fit,0,,yoke,2.0,,3.62,0.0,0.0,,,,,,,
26,fit,0,,yoke,2.0,,5.44,0.0,0.0,,,,,,,
27,fit,0,,yoke,2.0,,7.25,0.0,0.0,,,,,,,
28,fit,0,,yoke,2.0,,3.62,0.0,0.0,,,,,,,
29,fit,0,,yoke,0.0,,0.0,1.0,0.0,,,,,,,
30,fit,0,,yoke,0.0,,0.0,2.0,0.0,,,,,,,
31,fit,0,,yoke,0.0,,0.0,3.0,0.0,,,,,,,
32,check,0,,yoke,0.0,,0.0,4.0,0.0,,,,,,,
33,fit,0,,yoke,0.0,,0.0,2.0,0.0,,,,,,,
34,fit,0,,none,,,0.0,0.0,1.0,,,,,,,
35,fit,0,,none,,,0.0,0.0,2.0,,,,,,,
36,fit,0,,yoke,-1.0,,8.7,2.0,0.0,,,,,,,
37,fit,0,,yoke,-1.0,,8.7,3.5,0.0,,,,,,,
38,fit,0,,yoke,0.0,,14.4,2.0,0.0,,,,,,,
39,fit,0,,yoke,0.0,,14.4,3.5,0.0,,,,,,,
40,fit,0,,yoke,1.0,,9.0,2.0,0.0,,,,,,,
41,check,0,,yoke,1.0,,9.0,3.5,0.0,,,,,,,
42,fit,0,,arm,0.0,-4.0,2.48,0.0,0.0,,,,,,,
43,fit,0,,arm,0.0,-4.0,5.03,0.0,0.0,,,,,,,
44,fit,0,,arm,0.0,-4.0,7.5,0.0,0.0,,,,,,,
45,fit,0,,arm,0.0,-2.0,4.95,0.0,0.0,,,,,,,
46,fit,0,,arm,0.0,-2.0,10.05,0.0,0.0,,,,,,,
47,fit,0,,arm,0.0,-2.0,15.0,0.0,0.0,,,,,,,
48,fit,0,,arm,0.0,2.0,4.95,0.0,0.0,,,,,,,
49,fit,0,,arm,0.0,2.0,10.05,0.0,0.0,,,,,,,
50,check,0,,arm,0.0,2.0,15.0,0.0,0.0,,,,,,,
51,fit,0,,arm,0.0,4.0,2.48,0.0,0.0,,,,,,,
52,fit,0,,arm,0.0,4.0,5.03,0.0,0.0,,,,,,,
53,fit,0,,arm,0.0,4.0,7.5,0.0,0.0,,,,,,,
54,zero,180,,none,,,0.0,0.0,0.0,,,,,,,
55,zero,180,,none,,,0.0,0.0,0.0,,,,,,,
56,zero,180,,none,,,0.0,0.0,0.0,,,,,,,
57,fit,180,,yoke,-2.0,,1.81,0.0,0.0,,,,,,,
58,fit,180,,yoke,-2.0,,3.62,0.0,0.0,,,,,,,
59,check,180,,yoke,-2.0,,5.44,0.0,0.0,,,,,,,
60,fit,180,,yoke,-2.0,,7.25,0.0,0.0,,,,,,,
61,fit,180,,yoke,-2.0,,3.62,0.0,0.0,,,,,,,
62,fit,180,,yoke,-1.0,,3.62,0.0,0.0,,,,,,,
63,fit,180,,yoke,-1.0,,7.25,0.0,0.0,,,,,,,
64,fit,180,,yoke,-1.0,,10.88,0.0,0.0,,,,,,,
65,fit,180,,yoke,-1.0,,14.5,0.0,0.0,,,,,,,
66,fit,180,,yoke,-1.0,,7.25,0.0,0.0,,,,,,,
67,fit,180,,yoke,0.0,,6.0,0.0,0.0,,,,,,,
68,check,180,,yoke,0.0,,12.0,0.0,0.0,,,,,,,
69,fit,180,,yoke,0.0,,18.0,0.0,0.0,,,,,,,
70,fit,180,,yoke,0.0,,24.0,0.0,0.0,,,,,,,
71,fit,180,,yoke,0.0,,12.0,0.0,0.0,,,,,,,
72,fit,180,,yoke,1.0,,3.75,0.0,0.0,,,,,,,
73,fit,180,,yoke,1.0,,7.5,0.0,0.0,,,,,,,
74,fit,180,,yoke,1.0,,11.25,0.0,0.0,,,,,,,
75,fit,180,,yoke,1.0,,15.0,0.0,0.0,,,,,,,
76,fit,180,,yoke,1.0,,7.5,0.0,0.0,,,,,,,
77,check,180,,yoke,2.0,,1.81,0.0,0.0,,,,,,,
78,fit,180,,yoke,2.0,,3.62,0.0,0.0,,,,,,,
79,fit,180,,yoke,2.0,,5.44,0.0,0.0,,,,,,,
80,fit,180,,yoke,2.0,,7.25,0.0,0.0,,,,,,,
81,fit,180,,yoke,2.0,,3.62,0.0,0.0,,,,,,,
82,fit,180,,yoke,0.0,,0.0,1.0,0.0,,,,,,,
83,fit,180,,yoke,0.0,,0.0,2.0,0.0,,,,,,,
84,fit,180,,yoke,0.0,,0.0,3.0,0.0,,,,,,,
85,fit,180,,yoke,0.0,,0.0,4.0,0.0,,,,,,,
86,check,180,,yoke,0.0,,0.0,2.0,0.0,,,,,,,
87,fit,180,,none,,,0.0,0.0,1.0,,,,,,,
88,fit,180,,none,,,0.0,0.0,2.0,,,,,,,
89,fit,180,,yoke,-1.0,,8.7,2.0,0.0,,,,,,,
90,fit,180,,yoke,-1.0,,8.7,3.5,0.0,,,,,,,
91,fit,180,,yoke,0.0,,14.4,2.0,0.0,,,,,,,
92,fit,180,,yoke,0.0,,14.4,3.5,0.0,,,,,,,
93,fit,180,,yoke,1.0,,9.0,2.0,0.0,,,,,,,
94,fit,180,,yoke,1.0,,9.0,3.5,0.0,,,,,,,
95,check,180,,arm,0.0,-4.0,2.48,0.0,0.0,,,,,,,
96,fit,180,,arm,0.0,-4.0,5.03,0.0,0.0,,,,,,,
97,fit,180,,arm,0.0,-4.0,7.5,0.0,0.0,,,,,,,
98,fit,180,,arm,0.0,-2.0,4.95,0.0,0.0,,,,,,,
99,fit,180,,arm,0.0,-2.0,10.05,0.0,0.0,,,,,,,
100,fit,180,,arm,0.0,-2.0,15.0,0.0,0.0,,,,,,,
101,fit,180,,arm,0.0,2.0,4.87,0.0,0.0,,,,,,,
102,fit,180,,arm,0.0,2.0,9.88,0.0,0.0,,,,,,,
103,fit,180,,arm,0.0,2.0,14.75,0.0,0.0,,,,,,,
104,check,180,,arm,0.0,4.0,2.48,0.0,0.0,,,,,,,
105,fit,180,,arm,0.0,4.0,5.03,0.0,0.0,,,,,,,
106,fit,180,,arm,0.0,4.0,7.5,0.0,0.0,,,,,,,
107,zero,90,,none,,,0.0,0.0,0.0,,,,,,,
108,zero,90,,none,,,0.0,0.0,0.0,,,,,,,
109,zero,90,,none,,,0.0,0.0,0.0,,,,,,,
110,fit,90,,yoke,-2.0,,1.19,0.0,0.0,,,,,,,
111,fit,90,,yoke,-2.0,,2.38,0.0,0.0,,,,,,,
112,fit,90,,yoke,-2.0,,3.56,0.0,0.0,,,,,,,
113,check,90,,yoke,-2.0,,4.75,0.0,0.0,,,,,,,
114,fit,90,,yoke,-2.0,,2.38,0.0,0.0,,,,,,,
115,fit,90,,yoke,-1.0,,1.75,0.0,0.0,,,,,,,
116,fit,90,,yoke,-1.0,,3.5,0.0,0.0,,,,,,,
117,fit,90,,yoke,-1.0,,5.25,0.0,0.0,,,,,,,
118,fit,90,,yoke,-1.0,,7.0,0.0,0.0,,,,,,,
119,fit,90,,yoke,-1.0,,3.5,0.0,0.0,,,,,,,
120,fit,90,,yoke,0.0,,1.75,0.0,0.0,,,,,,,
121,fit,90,,yoke,0.0,,3.5,0.0,0.0,,,,,,,
122,check,90,,yoke,0.0,,5.25,0.0,0.0,,,,,,,
123,fit,90,,yoke,0.0,,7.0,0.0,0.0,,,,,,,
124,fit,90,,yoke,0.0,,3.5,0.0,0.0,,,,,,,
125,fit,90,,yoke,1.0,,1.75,0.0,0.0,,,,,,,
126,fit,90,,yoke,1.0,,3.5,0.0,0.0,,,,,,,
127,fit,90,,yoke,1.0,,5.25,0.0,0.0,,,,,,,
128,fit,90,,yoke,1.0,,7.0,0.0,0.0,,,,,,,
129,fit,90,,yoke,1.0,,3.5,0.0,0.0,,,,,,,
130,fit,90,,yoke,2.0,,1.19,0.0,0.0,,,,,,,
131,check,90,,yoke,2.0,,2.38,0.0,0.0,,,,,,,
132,fit,90,,yoke,2.0,,3.56,0.0,0.0,,,,,,,
133,fit,90,,yoke,2.0,,4.75,0.0,0.0,,,,,,,
134,fit,90,,yoke,2.0,,2.38,0.0,0.0,,,,,,,
135,fit,90,,yoke,0.0,,0.0,1.0,0.0,,,,,,,
136,fit,90,,yoke,0.0,,0.0,2.0,0.0,,,,,,,
137,fit,90,,yoke,0.0,,0.0,3.0,0.0,,,,,,,
138,fit,90,,yoke,0.0,,0.0,4.0,0.0,,,,,,,
139,fit,90,,yoke,0.0,,0.0,2.0,0.0,,,,,,,
140,check,90,,none,,,0.0,0.0,1.0,,,,,,,
141,fit,90,,none,,,0.0,0.0,2.0,,,,,,,
142,fit,90,,yoke,-1.0,,4.2,2.0,0.0,,,,,,,
143,fit,90,,yoke,-1.0,,4.2,3.5,0.0,,,,,,,
144,fit,90,,yoke,0.0,,4.2,2.0,0.0,,,,,,,
145,fit,90,,yoke,0.0,,4.2,3.5,0.0,,,,,,,
146,fit,90,,yoke,1.0,,4.2,2.0,0.0,,,,,,,
147,fit,90,,yoke,1.0,,4.2,3.5,0.0,,,,,,,
148,zero,270,,none,,,0.0,0.0,0.0,,,,,,,
149,zero,270,,none,,,0.0,0.0,0.0,,,,,,,
150,zero,270,,none,,,0.0,0.0,0.0,,,,,,,
151,fit,270,,yoke,-2.0,,1.19,0.0,0.0,,,,,,,
152,fit,270,,yoke,-2.0,,2.38,0.0,0.0,,,,,,,
153,fit,270,,yoke,-2.0,,3.56,0.0,0.0,,,,,,,
154,fit,270,,yoke,-2.0,,4.75,0.0,0.0,,,,,,,
155,fit,270,,yoke,-2.0,,2.38,0.0,0.0,,,,,,,
156,fit,270,,yoke,-1.0,,1.75,0.0,0.0,,,,,,,
157,fit,270,,yoke,-1.0,,3.5,0.0,0.0,,,,,,,
158,check,270,,yoke,-1.0,,5.25,0.0,0.0,,,,,,,
159,fit,270,,yoke,-1.0,,7.0,0.0,0.0,,,,,,,
160,fit,270,,yoke,-1.0,,3.5,0.0,0.0,,,,,,,
161,fit,270,,yoke,0.0,,1.75,0.0,0.0,,,,,,,
162,fit,270,,yoke,0.0,,3.5,0.0,0.0,,,,,,,
163,fit,270,,yoke,0.0,,5.25,0.0,0.0,,,,,,,
164,fit,270,,yoke,0.0,,7.0,0.0,0.0,,,,,,,
165,fit,270,,yoke,0.0,,3.5,0.0,0.0,,,,,,,
166,fit,270,,yoke,1.0,,1.75,0.0,0.0,,,,,,,
167,check,270,,yoke,1.0,,3.5,0.0,0.0,,,,,,,
168,fit,270,,yoke,1.0,,5.25,0.0,0.0,,,,,,,
169,fit,270,,yoke,1.0,,7.0,0.0,0.0,,,,,,,
170,fit,270,,yoke,1.0,,3.5,0.0,0.0,,,,,,,
171,fit,270,,yoke,2.0,,1.19,0.0,0.0,,,,,,,
172,fit,270,,yoke,2.0,,2.38,0.0,0.0,,,,,,,
173,fit,270,,yoke,2.0,,3.56,0.0,0.0,,,,,,,
174,fit,270,,yoke,2.0,,4.75,0.0,0.0,,,,,,,
175,fit,270,,yoke,2.0,,2.38,0.0,0.0,,,,,,,
176,check,270,,yoke,0.0,,0.0,1.0,0.0,,,,,,,
177,fit,270,,yoke,0.0,,0.0,2.0,0.0,,,,,,,
178,fit,270,,yoke,0.0,,0.0,3.0,0.0,,,,,,,
179,fit,270,,yoke,0.0,,0.0,4.0,0.0,,,,,,,
180,fit,270,,yoke,0.0,,0.0,2.0,0.0,,,,,,,
181,fit,270,,none,,,0.0,0.0,1.0,,,,,,,
182,fit,270,,none,,,0.0,0.0,2.0,,,,,,,
183,fit,270,,yoke,-1.0,,4.2,2.0,0.0,,,,,,,
184,fit,270,,yoke,-1.0,,4.2,3.5,0.0,,,,,,,
185,check,270,,yoke,0.0,,4.2,2.0,0.0,,,,,,,
186,fit,270,,yoke,0.0,,4.2,3.5,0.0,,,,,,,
187,fit,270,,yoke,1.0,,4.2,2.0,0.0,,,,,,,
188,fit,270,,yoke,1.0,,4.2,3.5,0.0,,,,,,,
189,zero,45,,none,,,0.0,0.0,0.0,,,,,,,
190,zero,45,,none,,,0.0,0.0,0.0,,,,,,,
191,zero,45,,none,,,0.0,0.0,0.0,,,,,,,
192,fit,45,,stirrup,-1.0,,2.56,0.0,0.0,,,,,,,
193,fit,45,,stirrup,-1.0,,5.12,0.0,0.0,,,,,,,
194,check,45,,stirrup,-1.0,,7.69,0.0,0.0,,,,,,,
195,fit,45,,stirrup,-1.0,,10.25,0.0,0.0,,,,,,,
196,fit,45,,stirrup,0.0,,2.56,0.0,0.0,,,,,,,
197,fit,45,,stirrup,0.0,,5.12,0.0,0.0,,,,,,,
198,fit,45,,stirrup,0.0,,7.69,0.0,0.0,,,,,,,
199,fit,45,,stirrup,0.0,,10.25,0.0,0.0,,,,,,,
200,fit,45,,stirrup,1.0,,2.56,0.0,0.0,,,,,,,
201,fit,45,,stirrup,1.0,,5.12,0.0,0.0,,,,,,,
202,fit,45,,stirrup,1.0,,7.69,0.0,0.0,,,,,,,
203,check,45,,stirrup,1.0,,10.25,0.0,0.0,,,,,,,
204,zero,135,,none,,,0.0,0.0,0.0,,,,,,,
205,zero,135,,none,,,0.0,0.0,0.0,,,,,,,
206,zero,135,,none,,,0.0,0.0,0.0,,,,,,,
207,fit,135,,stirrup,-1.0,,2.56,0.0,0.0,,,,,,,
208,fit,135,,stirrup,-1.0,,5.12,0.0,0.0,,,,,,,
209,fit,135,,stirrup,-1.0,,7.69,0.0,0.0,,,,,,,
210,fit,135,,stirrup,-1.0,,10.25,0.0,0.0,,,,,,,
211,fit,135,,stirrup,0.0,,2.56,0.0,0.0,,,,,,,
212,check,135,,stirrup,0.0,,5.12,0.0,0.0,,,,,,,
213,fit,135,,stirrup,0.0,,7.69,0.0,0.0,,,,,,,
214,fit,135,,stirrup,0.0,,10.25,0.0,0.0,,,,,,,
215,fit,135,,stirrup,1.0,,2.56,0.0,0.0,,,,,,,
216,fit,135,,stirrup,1.0,,5.12,0.0,0.0,,,,,,,
217,fit,135,,stirrup,1.0,,7.69,0.0,0.0,,,,,,,
218,fit,135,,stirrup,1.0,,10.25,0.0,0.0,,,,,,,
219,zero,315,,none,,,0.0,0.0,0.0,,,,,,,
220,zero,315,,none,,,0.0,0.0,0.0,,,,,,,
221,zero,315,,none,,,0.0,0.0,0.0,,,,,,,
222,fit,315,,stirrup,-1.0,,2.56,0.0,0.0,,,,,,,
223,fit,315,,stirrup,-1.0,,5.12,0.0,0.0,,,,,,,
224,fit,315,,stirrup,-1.0,,7.69,0.0,0.0,,,,,,,
225,fit,315,,stirrup,-1.0,,10.25,0.0,0.0,,,,,,,
226,fit,315,,stirrup,0.0,,2.56,0.0,0.0,,,,,,,
227,fit,315,,stirrup,0.0,,5.12,0.0,0.0,,,,,,,
228,fit,315,,stirrup,0.0,,7.69,0.0,0.0,,,,,,,
229,fit,315,,stirrup,0.0,,10.25,0.0,0.0,,,,,,,
230,check,315,,stirrup,1.0,,2.56,0.0,0.0,,,,,,,
231,fit,315,,stirrup,1.0,,5.12,0.0,0.0,,,,,,,
232,fit,315,,stirrup,1.0,,7.69,0.0,0.0,,,,,,,
233,fit,315,,stirrup,1.0,,10.25,0.0,0.0,,,,,,,
